"","x"
"1","953d94c1055ba9d9764979c78def46e2"
"2","1e56c0e9890575b9afc90973d96767c1"
"3","a2eb040d281ce8d15d186749165db57c"
"4","25ff1a9320f4ba1344bcdd7c234756ea"
"5","75af50f8d7568b5e9867956be2b94ec2"
"6","bf5198efa8ff8f67c64b9958ae1139fc"
"7","5f117a9cd686106603f15d16a8d4bb6f"
"8","800cf7bd13a5b7f8e6234cde812dd63c"
"9","9705f7a834c47440f67b0a1e7a7cac8b"
"10","b4fafedb20321440d47470599235d6a8"
"11","f168b8a3220f1737109d93bcda7f3cb2"
"12","48452acf6d1d74ab221f67e14c8d12b0"
"13","c5cd0ef8711dc3a98e0f84f818de4288"
"14","48f68d11996cdeeb37f651ffe09b1afc"
"15","e2fb4d05b81c24fbdf513ab9458e253d"
"16","5dc539cbcacb60857e92bdb7a4cdddfe"
"17","38c800d06ce5eb7518dfc5f172d8a722"
"18","90fa8bedbdff3c5413009240b3d4a43f"
"19","8e0b30316c3c7e7fd63196afba95eea3"
"20","548f6c5f96df7b698b02740d83bb93b8"
"21","768857857c5f23d1066b2835ec9d01cb"
"22","4a8e9de314a822048b673119a4bf8b3e"
"23","43b2e30ac08a7db69cc14bc1e8198711"
"24","0bcfb634a49756daf57ea517e38bec39"
"25","853709c335b9735cc79b657856e47207"
"26","460712622ac1b0dd92692f4869a5d957"
"27","39d1263b83fc78a0062ce0de1f386f0a"
"28","7a5925da3ee4ae50cfccde4cbb0bf2bc"
"29","5529a8e14ab15020e05c0991642053f9"
"30","ff7cc6e96e3e752cb79e272a5f99de82"
"31","e1616ba17123b3cc938f68116158ac54"
"32","f7449e64b8b9ce97c9fdf6773ffacd87"
"33","28649d2b1906c8192ee14edb90814957"
"34","ceaee868bb1940a4e9fb793e4f86fa24"
"35","31b38d3d016cc773583dffe611af1d71"
"36","5adc1f6eff9e142e26b93f7a50597a93"
"37","dc5bbab7a7f3a467a634302897ce2680"
"38","a9c8980c4ef72d73898d9118a4964c68"
"39","34dfd3b5962c9cd7ef26146ad5c14cfb"
"40","35d74af28d40f9d642a766e5f037b553"
"41","5ae0554aa55fce509cbaf54f0e022450"
"42","2569ddae997e56d25703b7e41cd4d064"
"43","bc92abcce92b9417087f0f29cd61a225"
"44","2935acb4c6f7c33fb0f1dd820d1729f6"
"45","ea3e2ee95776ee9866513f555e4f7dc9"
"46","7db952b917e7cb2703a86238cb499cdc"
"47","ff36fa2cc629e91e3c0a472560361e66"
"48","965333389ec32ee2381d99218e9a8573"
"49","0468de1e9c24873dd595077997f69b1b"
"50","5ab22e02666ffba15dbf292902670f48"
"51","6c571d375e0aa6f171950f25da9c123c"
"52","300fa6c90efad4d6d6c67360db026f54"
"53","f820cd87226ebc38513073ce4048e425"
"54","4a99a57fdcb25021a3270871d3209787"
"55","6838248bbdc703eccd1d64b8b09146f0"
"56","748edbd498c1da9f378c003fd41b9619"
"57","550927b4a577612a0d38a0f77f8e79fc"
"58","2b7bb936292213fb142f71f356769088"
"59","cb53d96f7438736978ad57d129155cf1"
"60","64f15aad842d71d41c0eaec605e30c4b"
"61","a32ddb48c275a76b7785d587f22073e4"
"62","7f15cbbaa9dfc6fe1234bcfce491d199"
"63","3796f000b14a52be37fab29c5b69f0b7"
"64","d1ae3076b718803edb2b27521787c408"
"65","053d550269eb3914259f253fbefb388b"
"66","7dba98b7c433f32858298bbc7964c38c"
"67","6482cc37d2d4f70938870ca3226ca546"
"68","f2eb8b782eb79c5ca5022abac9f03825"
"69","f8f029a2171bdaa5d90efbe8fffc075a"
"70","6d6c33ac93ec51ab0b37160ffba1e0c6"
"71","9695d23d7ec8e228c68643dace158ae3"
"72","d351bffd9fbe2e29024b93682c0acceb"
"73","688dc2562c945e6b229cc4a091c74860"
"74","f031d2bce25b62bd6e7a39c9ff976798"
"75","22196cc3b1a1bd93ad3773fb3238d972"
"76","9a1011f9753e4eb35a5abe369ce2406a"
"77","a00d8bd2e4d6c0d99b924c70217d05f0"
"78","93b542175b548182ece1341da4895bdc"
"79","843ac24bc1ed2cbcd8112c62f7a48285"
"80","4359e520e046e0fd0756ad017261ee3b"
"81","72d75ea68c4f24a4029fd271af11fc44"
"82","8185477f060cdf038a6721be01ad2d71"
"83","6b76bd4c4bd158e8ee67ebbd4ef6f578"
"84","f01a60c818b56281a6a396ea813db633"
"85","4f3eca00fcec1071130ce7990ea5a4cb"
"86","ae12bf0c50dab3647af76624316f3463"
"87","54b99750c42233fbf138f39c2eb34b13"
"88","acd0512b28a461f122f4fbb32b5d4a70"
"89","6a73125047a2646b051c41d341d18284"
"90","b10f3819c1f54255dcc971a498d8756c"
"91","5c014918bc26320f84708dfde5c7d4e9"
"92","3f05a334273b95232fa498406a953e04"
"93","1ea8bd22ebbb83af70dc34253e8fccdc"
"94","3fafb7abda1bb14a86e007603693a24f"
"95","b4682cf35b78d1d139124c2ff5d8a5a5"
"96","da0e6a0e3f19e1be1e7567f8ab467788"
"97","5395ae7288075451a63305c26dd820e3"
"98","65e96375eedd3e317bb373dfb3629d2f"
"99","5ff919ff55468f7e4505be6cfc6c929d"
"100","46b34f82d3a1c7ba5c49a11421f32811"
"101","5a22097a238a1ffbae729053a7a18644"
"102","e908867e2ba8dcff397e4a1086b98455"
"103","99a8e746be1fee24af7ab77944c4d7fa"
"104","182087688b997f3e8e5f19c8c0993f1f"
"105","91091895aba76808dfdbbd0332d9776c"
"106","e86194ddaa065ab6c98e381fdca8c206"
"107","da6864ea40cc5328038d93a581ae51c7"
"108","e891bb81ad725e482221f345e159b90b"
"109","c77c4896975aab771c214380dab7c2fd"
"110","7ede9f963f2ad6fe36011ce0982c7e5b"
"111","413a5e684eada992a709569a8fbbcacc"
"112","ac5754d47ac6f6cc4c8dbea8f2081620"
"113","88f3853c1bdfe82ddca42141a333d376"
"114","36069e2c430a35631fab8926fa6f11f4"
"115","fd42d00337b481391383a4da29f3966d"
"116","3ca6c6eacad8518aec218976536541f8"
"117","c99f157321a8f399a13731ffd2076e34"
"118","3ffa6643a5154aa862a64ce05222073d"
"119","6d32c8793d925ee9add000542ed7af9e"
"120","649732fc4a8fa7e81e4d35302b4cd479"
"121","c49cb15a95e11f60171ccaca34eb18d0"
"122","05ffc5c50601937c7d985a797f712c24"
"123","c6daf5e3ebfa9ccf5c5994672d3c9b3c"
"124","b61f63ef73afaeb0b4f0d682537bce3a"
"125","a8bd1c91af093aa6a423acda7c8326a3"
"126","7f6ee6b47784b08ba9678a92d92a16d9"
"127","9f9a95aa05b19cb1f099225e8141a478"
"128","66d45df9bfce7cd08c2c1c533d1846b0"
"129","5566c3cee6108f9d7f498415df5d238e"
"130","9fa02d105fe72b17f2275cbb6910de60"
"131","f990152012d30315c085682b1d59ef13"
"132","bce076ed2b99a73622572084a363e37c"
"133","a5cb3bf9eb377246747d35a77c5bd744"
"134","696b3f58082ad237bded9e2088782ed8"
"135","e6f3962f9a30a2f3f1188debd42afc75"
"136","6929f72d887aa4d6a930a9ba29399714"
"137","4bd7f94343b1fe0da726ebd0cd900c86"
"138","1b808ed1821f3e80ccbf5142f07b1495"
"139","5400dd394a8d5eb986741ff3ff6b6b64"
"140","87decdb74d7d8e2b06fb28e854492775"
"141","c25994531d4414501228aff7420849fc"
"142","6bf46815b35b6c2e5e37d105539488e6"
"143","6836fb5c13751965153dceb573ee8b3e"
"144","ea3de51153b24a7d0a55638e1f3ae816"
"145","c7d300a437f33f60a2c29e4999efbd22"
"146","20ce3254c965d15fdd35fa896ccf2d25"
"147","ae3d0f37b6e2bdc6c7e4d2fcd539c37a"
"148","24cdc0a8204c96c268679dc10f1fe95d"
"149","9936d1ac4a0af8b278ab5472cda568d3"
"150","b9f357e81956ce1c8438257be8e66dbe"
"151","38c39da0afa8f79869c7e5466d5c27b5"
"152","44bad8e4f8dbeca8cd84c19f9fdded79"
"153","5ca633bf2a6f17ea10cc967b73182f16"
"154","44da33a8e69f14288d0d8d9572c33702"
"155","2fd40e2299a79f82da09f30c9a75ccca"
"156","e10ecb30c917a63e3b1c850590590be6"
"157","98129fffad2e808a59399d095cd0c756"
"158","112ea8841c874e651f524461bee2b696"
"159","33aeff3b6387b1dc6ec5ed7d6ad02bdf"
"160","f5951df8bfcae24760e1d83eb6899700"
"161","b1d536e45f37628f03dd53ab2aea496c"
"162","1ca4973dc050c795441a669670e7bc93"
"163","618e4a4bb1a2448e2af15e42c9973f7b"
"164","14884b6fd2e2c992c575d0cdfbbfddc1"
"165","264417bc97dfaf07533e8bbc81ae2a2e"
"166","c1dd26dcadd6ea9cafd3c00bfc1b4044"
"167","27945009c6c5530e642e799f926401a2"
"168","63dbfb75d79875ecad7e832494b60ce0"
"169","8328b2b73d857ae3834654bbf973c2fc"
"170","6e2d7108f03b53bd0c6b36962a5ebab3"
"171","db744155751c5fae854234db94dd5a02"
"172","e674850db1db7b96cd54860b28959974"
"173","e50c616aa3d352e2aae2d522303a3f9e"
"174","8d921d58839ca7c38c8017735212a369"
"175","6388944ab7a4d5c24d0c50b3d1da62d5"
"176","341b09082461a312fdabf62127638dab"
"177","ccd2c921f47acb8bd2e41e4cf876da32"
"178","2edc375f30c6ea3f5394f1f2a9b8d314"
"179","b278fb5c617dedcca78be246dfc81f64"
"180","5271b3522ee44261b97e247d8d2f9a4a"
"181","8da660e8afd590921f7585abd45f3727"
"182","16e89c43b1d96b2ae418c5c3ce6b75ba"
"183","1d028dee454eabac549efab585d01672"
"184","cf92b056c6a6d6304a8530fad6536d31"
"185","a1f17158759c011fe3665f0a4077c208"
"186","0dd1f37cd42ff906e7a5704eb5af9e24"
"187","bd6ba5d7d481db8e11f02b554057e9d7"
"188","a7935bb46d2fd9df98a988d7d2460f07"
"189","3dc91a61faa81f4dc70dd6ac1187ba11"
"190","89b6a9f98a459bf2be1f32ea0b9b861c"
"191","b9e768448855aa59d63cefaf472fd152"
"192","e6cdfac71f88eff26df79a9f7c8d59a6"
"193","98343d6fb1f457f629f35455d43c6b25"
"194","b559645383cdbd68e13c13a2e31fa031"
"195","719cc22dfb9a043af2e3bc5ce0d99a0e"
"196","ebe82ce023c965d8a8478ea67e331e83"
"197","805906ff21d88541a920b25b67d5a74d"
"198","08616096be2f9ac730b3721dbb2c4f08"
"199","201d9b8651ab6ee3cda39998de82f71e"
"200","e71ffa7733f80d469e78a1060ff00a3d"
"201","268f9b7a7a9d4acdcfff962c0f57b1a5"
"202","e4991b02519fd4ba5ef94179cc50fffe"
"203","84bc94349e2de68a3e9613730cf6e9e8"
"204","8af7a7c18c2742e7724e9b65fea1040c"
"205","474b797fbd680b091f5e8b3f6ce2fd15"
"206","b58847f6c70e3f5a4bb7e30c713b2b73"
"207","ebfd4838d9500cf0ee9f0fa40011eb6f"
"208","01eaff1dc3ef4d312f4d07b9bf1fea5a"
"209","02ee0a4cd22b67caeb7f1fb0d73308cd"
"210","b6c462f366befca94deb3acea8410700"
"211","7fa7d39d6246bdf1f665b8f4b904b8d8"
"212","01b6bf58763d26afc0b8baa4958222e4"
"213","b1b053d7038a54b17070183ad03a2406"
"214","f965a02019fd67a794becbb5f311cc11"
"215","e98ff802488f4fc02ac2810c5d7e2a22"
"216","55a2d4477d41f626fc201d7786ec6723"
"217","88c0de881976dd474ee86394d4735d6c"
"218","f871f399a327c52921cf05806ca9cf60"
"219","7bc822551015003715dfe697b23317df"
"220","dcda208e596c7b2f652ece2b8edefb28"
"221","463f17033055727bf1c41d048f796034"
"222","01fd5865df1e447e57c4c509ca09a5fa"
"223","e0d4bf811511e6c817699635ba93c79a"
"224","d39d0df55a2355ba26f764acbc92f94d"
"225","5363ed612d34890afdb3fa0d5ddb358f"
"226","cd1af2cba6060ff87022c5b778f61671"
"227","c8385df5208047551c597ab75fe5f7d3"
"228","03e60b5f91319fb68c72dbdb7ef343c9"
"229","ec4343c19504b2905901f125d48061ca"
"230","2d67714b9a1e733be2b93fb5dd4a26d6"
"231","04e3ae370cf3d8a7b5df651ca2f11482"
"232","2ded138b94c3c3b69b56ab49d435a959"
"233","b48de5a472bce0ef30111b03f62a5518"
"234","8544ca3cd2520e6a7293650afe17d5b6"
"235","b6fc34c38596540a43f3d01139d8c932"
"236","7f281fb302a3140c55cead18a89dfe18"
"237","0a603e52bdf6610fc63af2ef287005bc"
"238","cc40a1e48aa0df23d37cab8c0bc364ef"
"239","e00b8f2240ebbd55481562ec03411847"
"240","3082dd4469f90332c58ccce9b75cf681"
"241","b8f7eb39edf9873c80111bd1f5841214"
"242","f1a7b526440af09388580ef6f0ba3bf0"
"243","0f31e89ac3c66010b5770b893412f549"
"244","f163a78a31543c326cd40c6fad9f4fe6"
"245","afdb9c8a8dc08a0849a776d28e482e65"
"246","b35cffc04fd152e47f0ea895d3abcaa5"
"247","f751196c168a5501352954637fa06944"
"248","ea1018e9cfa878f63c7878d745370f21"
"249","76d4e6f1f03e9c27fd028fddc1752fe2"
"250","0d4394c622e5fdfafe90c43c10a3f7c1"
"251","7236b3ca24ed5c69eb933a0ca5f6c84b"
"252","f10ee97e847895c9b086f891e2cdaee0"
"253","9636f93fde4675e2a0090a465e50fcb2"
"254","d9d5dbc280b76688ef8036aaad64be0a"
"255","0c64da25c6f785c24bc8d822119d9143"
"256","7a00e96172a44f53c31f69e40c9d3e08"
"257","8856e232c427c4cc4ee1c7b72f70bdbd"
"258","38371ed2079a299ac138f31433086afd"
"259","f8ba0d8fddebcdb708a63fa1a1399015"
"260","497e040ed5ec0ebd5984fdbbfe27b652"
"261","d6ed369ec8b0682c85af6eef4f4e5a0e"
"262","4810aed65688c76b89302c2a5f992c96"
"263","a4097d1caf4c59d201cd0ec8313bea19"
"264","cb84ce80bd0ae54faebdb43bb3f02731"
"265","c27fe97db7300790d6685bbae6ff9a6c"
"266","6c861648b91754aca44d0728e872f3f3"
"267","82e02d1495e1d37b3d4aae6a99f2b850"
"268","ab452081ec30a01d048f677a1f0d37e9"
"269","bce68b4a3fbc2c60baaa5512eacaf09d"
"270","17c8bae0edc7fe23d114478c944ae287"
"271","88ec8ede8b3c05e2bb4e9b8ceec2092e"
"272","237fed5e9ac6b802473284ce709f7c5d"
"273","5bd8206a4c39cd9d833e04a13d449107"
"274","0d3cab7a1f7484095fc24335cf73c5ed"
"275","77598d36933473bad83ee3bcf8ca9e45"
"276","73d039e27e9f131d01a266b1fc9e0955"
"277","b859b58a463310c8afc164942cd84f3b"
"278","e38e70400f4f630464eadb60fbdebf99"
"279","b94a3292c51009bba9a4e30c4b08c28d"
"280","bd47ebf10bc04607f9338fbb6c20c20a"
"281","bd7fb4dc90c228f445864380f7f0c11f"
"282","1b81a32a05888494333cd1dbff8d6569"
"283","7f863a5a03153e12c2724982414ebeff"
"284","a6097b53fd853c28e82518c33fabefc8"
"285","d1bea49ff2d20ef029577837c553c632"
"286","99bca2dbdab63aed6afc783f5b497686"
"287","b655e81b54912535baff354c2678fe6d"
"288","d4d2a069ca9058096f51dfe0efb387de"
"289","d12d6f58f153e26a9ec6347a95a6f63a"
"290","b473dbbf6638122fdbb832b68dce5104"
"291","1656010e0b69901145a9c5889fb4aaef"
"292","66762e31184cae07f531a25e4c75d69f"
"293","0489c78e82dcad350054c0f21a6a7cf7"
"294","36b79376bc55d5a44b84849fa67b0633"
"295","50389c842fbcd0fbaecd9903d3d80559"
"296","086e77105355648c508d1a801c776e81"
"297","02d9f497ba80e1e5c7ef7aeb668ad681"
"298","28136f074007968f494c3139e80b5872"
"299","81bd49a0d50c918b80f1a4c19aad153d"
"300","e3544ec1f284c67ece63cec82a73b67c"
"301","fd9508db0e6853287b6e16f4f4316980"
"302","1bc38f2983d0fd099afb210d3fbce6b6"
"303","dfce474b41e57de1dba474d5e09f3682"
"304","e200e91294e60e74b014c591f7c35c4b"
"305","0bf5a74985cd2af8118e077ddb03c26d"
"306","db9860701edd8a30c0b52f3c04dabe86"
"307","a552ee06276bdd02ad285ba74e9dd697"
"308","b520d83cb7395b8b6bbe9552b16bee64"
"309","e3771c0a7ee6785b8a9e26d6d0ec26eb"
"310","c413c941fa1aff384c6ac74a578870ce"
"311","a9192b9f2ec8f9fceeab55449ee73bac"
"312","080b899cc3b88d94916f7ac3e4bb91ea"
"313","d4c085acf253479295411c22b4956e1b"
"314","48d985e819b7dfc6330fc9d0205a5d24"
"315","30c7a638beebf484a1ee5b6de2ea422b"
"316","894e36eabf346ce193d720e30addb5ad"
"317","abc66db5bbb311202fa21af6e33fec7a"
"318","d26cc83b46b8ca8aa53fde850641f4f1"
"319","8bca1c27b0675e4a9a64edef78fb9108"
"320","3da0c21931e34c742a2916ac6d84810c"
"321","2236b5526cf761c9dd90b09121c0c242"
"322","ad8d97e037a8785d48d994318529498c"
"323","0ed088c60949e386a97a5abfab5f53fc"
"324","3aa25a8d44638fb6702e53974dc51d1b"
"325","489d1b865ad755fff2a5ba449e5d589d"
"326","2536d93d3303cd0685e97f3066a2c337"
"327","5a72e2a34145fdc03de040730fe91c06"
"328","dad159034cbbd3cbdd29d80f3ca291d1"
"329","b75185389d1e4af2c99ba8067c82c9cb"
"330","86f256ea0809383c93836add9f6ae536"
"331","63d8d62beb6153757487c4ab6c0541c9"
"332","197d059f6c69c6385ba8f53f9da385a8"
"333","d8c955710cf1154306dbc980e124aa9b"
"334","3e736051df0cfc0747a5b0ce355049f5"
"335","c40be7db878567c56f7749af1cb9fc8b"
"336","17dc0fec9642e91c22c0ce21502f99ab"
"337","270071a031395b97c266bb5e36ac9f90"
"338","4a311fbe9245040ccfda2f96d7d5d7ac"
"339","88a55800f42f9ce7df1df3f0ee05c203"
"340","2ae13884cee22614af4d249e12808024"
"341","fe90ed908b9cec4c2f70255182898b38"
"342","af59bb012af25ccf189d416fdedaf21e"
"343","0fbbb10ba864ba8f750ee51e5d64907b"
"344","07e55942810043dcc6f70c60ecbfddd3"
"345","57180847aa67680dbbc28fd5766ca6db"
"346","cd9ba53426a09e034fe2aa04d6a494e3"
"347","06e517b403dd9698e281f5bd4013d709"
"348","efc768f8ea170d4990c2145d8bf42416"
"349","0ea579940fc566ac26e4a28720b33dc0"
"350","a03dcb1af270860d441e385378fb9972"
"351","0cc3d30b2e7e6d33f7099ec7f1fd99cf"
"352","5bcd71ba2f7abc6812551036166ca47a"
"353","ab92123d5ae874b65830bb797efea35d"
"354","e301814bd75289ed9e2f8abd306d1082"
"355","da1365e8d3b68ed57f378f3ee2fa55f3"
"356","8f912debfba0d7aa42d02cfa632336ce"
"357","c9d2e5b9b5b2da46708189c827c899d8"
"358","5dc78e7c3bb880afa13868eb04c990bd"
"359","f7580693075666c2e606e4cdb8c2ab54"
"360","472eaba7944afbf9b955d7c3cb1c065b"
"361","263b9ca50e5a6306ad5605484bbeffea"
"362","8689cd0e0a0364b831fbe6e8a7a3640e"
"363","99fbe10afce186fe7446b1a9a1f82457"
"364","a5b7277039f66068aa5ffadd740c3263"
"365","951eff2bb4cc25b288b5471ae1645448"
"366","0c66f03ba8e05fe17e4a784d431a3309"
"367","5a0d6a3ba1a6cbbe2292fc307b7947d3"
